operation,implementation,batch_size,seq_length,hidden_dim,mean_ms,std_ms
gelu,pytorch,16,256,128,0.023854719884693624,0.018445829013324557
gelu,cuda,16,256,128,0.02119744012132287,0.007004717869425777
gelu,triton,16,256,128,0.03849024003371596,0.026932782193815036
swish,pytorch,16,256,128,0.030244480315595866,0.023668511331222917
swish,cuda,16,256,128,0.02342144012451172,0.012634507650875289
swish,triton,16,256,128,0.031071360036730767,0.012180259965277681
layernorm,pytorch,16,256,128,0.04665216013789177,0.0248556085772909
layernorm,cuda,16,256,128,0.04453312039375305,0.012084306929846335
layernorm,triton,16,256,128,0.0454297598451376,0.017508863432049233
fused_ln_gelu,pytorch,16,256,128,0.052053759172558785,0.06445245064525394
fused_ln_gelu,cuda,16,256,128,0.0405548794567585,0.0023851629964471077
fused_ln_gelu,triton,16,256,128,0.042028799876570704,0.008707151927382832
gelu,pytorch,16,256,256,0.01784895982593298,0.006589116964076697
gelu,cuda,16,256,256,0.021423359978944064,0.010805458036073965
gelu,triton,16,256,256,0.027730560041964055,0.004051705938518296
swish,pytorch,16,256,256,0.025338240154087543,0.007323380629878104
swish,cuda,16,256,256,0.02047808000817895,0.007243254658106828
swish,triton,16,256,256,0.03344319991767406,0.005612968599266172
layernorm,pytorch,16,256,256,0.04321407958865166,0.006577143179134377
layernorm,cuda,16,256,256,0.04401791974902153,0.005559825744100052
layernorm,triton,16,256,256,0.04709439989179373,0.026377275169907736
fused_ln_gelu,pytorch,16,256,256,0.05904896058142185,0.01630364518942383
fused_ln_gelu,cuda,16,256,256,0.04681407980620861,0.015914314867574022
fused_ln_gelu,triton,16,256,256,0.053269119933247566,0.027232867868890683
gelu,pytorch,16,256,512,0.019406719990074636,0.003737650183593582
gelu,cuda,16,256,512,0.030426240116357802,0.0036776045370475454
gelu,triton,16,256,512,0.03060672029852867,0.0026943939933804268
swish,pytorch,16,256,512,0.03227583974599838,0.004075935222880697
swish,cuda,16,256,512,0.031215360276401042,0.030353398628537448
swish,triton,16,256,512,0.038107519894838335,0.029377421389069312
layernorm,pytorch,16,256,512,0.06441792041063309,0.05355151457957421
layernorm,cuda,16,256,512,0.05055935986340046,0.00426882106298151
layernorm,triton,16,256,512,0.04919487949460745,0.023462158888957037
fused_ln_gelu,pytorch,16,256,512,0.0813491190969944,0.054607915849753566
fused_ln_gelu,cuda,16,256,512,0.05714112006127834,0.004524146336345285
fused_ln_gelu,triton,16,256,512,0.05002368003129959,0.003496336812234873
gelu,pytorch,16,256,768,0.02930943988263607,0.006105606167498117
gelu,cuda,16,256,768,0.045368319228291515,0.009461429014078813
gelu,triton,16,256,768,0.04143295988440514,0.010112646970540432
swish,pytorch,16,256,768,0.14233855932950973,0.00566255436847626
swish,cuda,16,256,768,0.03833024010062218,0.010302920203161611
swish,triton,16,256,768,0.04343679949641228,0.01098853373143462
layernorm,pytorch,16,256,768,0.06601535998284817,0.006542595181689496
layernorm,cuda,16,256,768,0.06254208080470562,0.011894312169933176
layernorm,triton,16,256,768,0.04555008053779602,0.006788014407520831
fused_ln_gelu,pytorch,16,256,768,0.11985088124871254,0.012088246152130736
fused_ln_gelu,cuda,16,256,768,0.06950400039553642,0.004342643502871982
fused_ln_gelu,triton,16,256,768,0.06948288030922413,0.025090442277288072
gelu,pytorch,16,512,128,0.03192959969863295,0.06340686621720226
gelu,cuda,16,512,128,0.03406719963997602,0.0981307293712614
gelu,triton,16,512,128,0.027274239994585513,0.0034505168348675052
swish,pytorch,16,512,128,0.025443840101361276,0.004558739673678091
swish,cuda,16,512,128,0.020076160058379172,0.004966329373138363
swish,triton,16,512,128,0.03184255996719003,0.01808464301913983
layernorm,pytorch,16,512,128,0.06957504078745842,0.0026943650765052056
layernorm,cuda,16,512,128,0.07147392094135284,0.004514495873867692
layernorm,triton,16,512,128,0.062380160465836526,0.021385819190522477
fused_ln_gelu,pytorch,16,512,128,0.07785088002681732,0.0034140091530195102
fused_ln_gelu,cuda,16,512,128,0.07595776185393334,0.009290377346895104
fused_ln_gelu,triton,16,512,128,0.05981504008173943,0.009671809255258557
gelu,pytorch,16,512,256,0.020323840156197547,0.0026753657628947568
gelu,cuda,16,512,256,0.030392959862947464,0.00228607490927691
gelu,triton,16,512,256,0.03212287984788418,0.004185464780366297
swish,pytorch,16,512,256,0.03529023978859186,0.012181882878217434
swish,cuda,16,512,256,0.039586560130119325,0.02017396217336778
swish,triton,16,512,256,0.029251199923455717,0.010609387591501592
layernorm,pytorch,16,512,256,0.08337920039892197,0.013044138612472975
layernorm,cuda,16,512,256,0.09051775991916657,0.013756837036027687
layernorm,triton,16,512,256,0.06112576052546501,0.008391344149637147
fused_ln_gelu,pytorch,16,512,256,0.09060032024979592,0.0013759371835108333
fused_ln_gelu,cuda,16,512,256,0.08302527859807014,0.0021203739520930867
fused_ln_gelu,triton,16,512,256,0.05803968012332916,0.004894283748213674
gelu,pytorch,16,512,512,0.046649600118398665,0.012544507988714268
gelu,cuda,16,512,512,0.053278079628944396,0.003861632258165775
gelu,triton,16,512,512,0.06156096071004868,0.011040598960869712
swish,pytorch,16,512,512,0.3172761607170105,0.011297301570566173
swish,cuda,16,512,512,0.04397055976092815,0.002901415936490726
swish,triton,16,512,512,0.04657792039215565,0.0031410844257102116
layernorm,pytorch,16,512,512,0.10771072074770928,0.03652998057589566
layernorm,cuda,16,512,512,0.09665920078754425,0.011185929385666133
layernorm,triton,16,512,512,0.06377088062465192,0.006731743209011153
fused_ln_gelu,pytorch,16,512,512,0.2007135981321335,0.0037282744995724222
fused_ln_gelu,cuda,16,512,512,0.09945920050144196,0.0015503088571541938
fused_ln_gelu,triton,16,512,512,0.06814016044139862,0.0035161227712191324
gelu,pytorch,16,512,768,0.2170265606045723,0.004155461867326499
gelu,cuda,16,512,768,0.21871616154909135,0.006385015886203121
gelu,triton,16,512,768,0.2217324808239937,0.009003484742725547
swish,pytorch,16,512,768,0.5462796783447266,0.005469041252093479
swish,cuda,16,512,768,0.21823360234498979,0.007243727307352347
swish,triton,16,512,768,0.22626176059246064,0.008538540375280823
layernorm,pytorch,16,512,768,0.2239135992527008,0.009033434813715657
layernorm,cuda,16,512,768,0.2152684810757637,0.008284755601321196
layernorm,triton,16,512,768,0.23684032052755355,0.019201261259003777
fused_ln_gelu,pytorch,16,512,768,0.41672448217868807,0.006449999047356951
fused_ln_gelu,cuda,16,512,768,0.217612801194191,0.007654440268501697
fused_ln_gelu,triton,16,512,768,0.2277676796913147,0.013410058275176249
gelu,pytorch,16,1024,128,0.02190016008913517,0.029544037802958934
gelu,cuda,16,1024,128,0.028682879991829394,0.007170801282486532
gelu,triton,16,1024,128,0.05223808065056801,0.07095885391130345
swish,pytorch,16,1024,128,0.03238976016640663,0.00735157440595654
swish,cuda,16,1024,128,0.023658239804208277,0.004621081166552721
swish,triton,16,1024,128,0.037830400206148626,0.028904065780012193
layernorm,pytorch,16,1024,128,0.11566144093871117,0.004775541353976399
layernorm,cuda,16,1024,128,0.12623807936906814,0.0026075523735781757
layernorm,triton,16,1024,128,0.08957439973950386,0.010340172487949524
fused_ln_gelu,pytorch,16,1024,128,0.1291225606203079,0.0009973293237780334
fused_ln_gelu,cuda,16,1024,128,0.133054721057415,0.008013071037831231
fused_ln_gelu,triton,16,1024,128,0.09009344011545181,0.006827717596440556
gelu,pytorch,16,1024,256,0.04057664014399052,0.007357062532976005
gelu,cuda,16,1024,256,0.0519059207290411,0.020981624999196723
gelu,triton,16,1024,256,0.046913920491933825,0.005109511021641671
swish,pytorch,16,1024,256,0.31058304369449613,0.022693899166808036
swish,cuda,16,1024,256,0.04621055968105793,0.011797208127896483
swish,triton,16,1024,256,0.0559974404424429,0.01729257621047058
layernorm,pytorch,16,1024,256,0.13818431854248048,0.004743794685640062
layernorm,cuda,16,1024,256,0.13888063818216323,0.006454258522510288
layernorm,triton,16,1024,256,0.09478016018867493,0.019822206740032617
fused_ln_gelu,pytorch,16,1024,256,0.21855359971523286,0.008189075345189771
fused_ln_gelu,cuda,16,1024,256,0.14878336161375047,0.0055095520897034496
fused_ln_gelu,triton,16,1024,256,0.09107648074626923,0.005054058961740687
gelu,pytorch,16,1024,512,0.29865343928337096,0.022438371571122065
gelu,cuda,16,1024,512,0.30177023947238923,0.010652446663629207
gelu,triton,16,1024,512,0.3129868793487549,0.028746319407861886
swish,pytorch,16,1024,512,0.7358873546123504,0.010125561077135472
swish,cuda,16,1024,512,0.2973209607601166,0.006769788211130242
swish,triton,16,1024,512,0.3089171200990677,0.014983718650122872
layernorm,pytorch,16,1024,512,0.30125951826572417,0.021992667084872772
layernorm,cuda,16,1024,512,0.29318591833114627,0.01010381546031676
layernorm,triton,16,1024,512,0.31316416144371034,0.015924960636747733
fused_ln_gelu,pytorch,16,1024,512,0.593390724658966,0.006406759886723193
fused_ln_gelu,cuda,16,1024,512,0.2939059156179428,0.003289522375629037
fused_ln_gelu,triton,16,1024,512,0.32153087973594663,0.017986171179332582
gelu,pytorch,16,1024,768,0.4487308776378632,0.005867945464835499
gelu,cuda,16,1024,768,0.4498873591423035,0.0059267667510431495
gelu,triton,16,1024,768,0.460177281498909,0.009048553631947358
swish,pytorch,16,1024,768,1.0963385581970215,0.006358588022232107
swish,cuda,16,1024,768,0.4475859194993973,0.0071001902412628085
swish,triton,16,1024,768,0.4640281581878662,0.04707512945354783
layernorm,pytorch,16,1024,768,0.4464844787120819,0.007435089257654018
layernorm,cuda,16,1024,768,0.4259603214263916,0.00838079787263312
layernorm,triton,16,1024,768,0.45013311982154847,0.008646490067130707
fused_ln_gelu,pytorch,16,1024,768,0.8837459182739258,0.004075041207937094
fused_ln_gelu,cuda,16,1024,768,0.43095808327198026,0.009484851675379297
fused_ln_gelu,triton,16,1024,768,0.4525273579359055,0.01179352727438951
gelu,pytorch,32,256,128,0.01445056004449725,0.0055377202120006595
gelu,cuda,32,256,128,0.017140479888767005,0.0031856238194456457
gelu,triton,32,256,128,0.02776704005897045,0.005366422005280827
swish,pytorch,32,256,128,0.019205120094120502,0.0042968282023816765
swish,cuda,32,256,128,0.01608320003375411,0.004825472525689014
swish,triton,32,256,128,0.02949695996940136,0.011885260236479468
layernorm,pytorch,32,256,128,0.05953472048044205,0.0025222347703176473
layernorm,cuda,32,256,128,0.0659827196598053,0.0012610758803748034
layernorm,triton,32,256,128,0.05658304020762443,0.010042500504103078
fused_ln_gelu,pytorch,32,256,128,0.0697779206931591,0.0029772199996121987
fused_ln_gelu,cuda,32,256,128,0.07210240051150323,0.00895674659246863
fused_ln_gelu,triton,32,256,128,0.05882688015699387,0.009294771407376261
gelu,pytorch,32,256,256,0.020630400255322458,0.007484723445822687
gelu,cuda,32,256,256,0.0333459198102355,0.01670126276757612
gelu,triton,32,256,256,0.03403071999549866,0.005904506335922823
swish,pytorch,32,256,256,0.046965760178864,0.028022682036232715
swish,cuda,32,256,256,0.02586303997784853,0.00912711408244028
swish,triton,32,256,256,0.038172800242900845,0.018655326629746408
layernorm,pytorch,32,256,256,0.07477248191833497,0.006519960090186706
layernorm,cuda,32,256,256,0.0732684813439846,0.008853416463120696
layernorm,triton,32,256,256,0.05670784018933773,0.0053749277288509855
fused_ln_gelu,pytorch,32,256,256,0.08521087899804115,0.0032207233382325604
fused_ln_gelu,cuda,32,256,256,0.07724288195371627,0.002390322473372887
fused_ln_gelu,triton,32,256,256,0.05565248042345047,0.0032012093670815474
gelu,pytorch,32,256,512,0.039110400453209876,0.009125159227243381
gelu,cuda,32,256,512,0.05089216023683548,0.0029829347821600607
gelu,triton,32,256,512,0.04643392063677311,0.0040300868865101504
swish,pytorch,32,256,512,0.30684735894203186,0.008639455648616606
swish,cuda,32,256,512,0.044979200065135956,0.006536944527921508
swish,triton,32,256,512,0.055837440192699435,0.021526308263872803
layernorm,pytorch,32,256,512,0.0885798393189907,0.006661197516734884
layernorm,cuda,32,256,512,0.08870335936546325,0.003022552072270038
layernorm,triton,32,256,512,0.05718592040240764,0.003168668647789674
fused_ln_gelu,pytorch,32,256,512,0.2047327986359596,0.006200138000484864
fused_ln_gelu,cuda,32,256,512,0.10331904172897338,0.009503799694211196
fused_ln_gelu,triton,32,256,512,0.06671103991568089,0.005686294725398778
gelu,pytorch,32,256,768,0.21883392095565796,0.008348530447709812
gelu,cuda,32,256,768,0.21914368152618408,0.005499266019412966
gelu,triton,32,256,768,0.22689664006233215,0.0068761141207711995
swish,pytorch,32,256,768,0.54689728140831,0.007941256679286655
swish,cuda,32,256,768,0.2187974414229393,0.007850463558828548
swish,triton,32,256,768,0.22852095901966096,0.024577656113499404
layernorm,pytorch,32,256,768,0.22180799931287765,0.0032698306833489387
layernorm,cuda,32,256,768,0.2130400002002716,0.004674793495935517
layernorm,triton,32,256,768,0.22900736063718796,0.011988666904760597
fused_ln_gelu,pytorch,32,256,768,0.425111683011055,0.05809512917153842
fused_ln_gelu,cuda,32,256,768,0.216048641204834,0.0026245935606375313
fused_ln_gelu,triton,32,256,768,0.24987840086221694,0.11097698348545071
gelu,pytorch,32,512,128,0.019930880106985568,0.007924705210172887
gelu,cuda,32,512,128,0.03255615971982479,0.014980679884286367
gelu,triton,32,512,128,0.04406463995575905,0.033410071080908335
swish,pytorch,32,512,128,0.030371200144290924,0.006834107033727644
swish,cuda,32,512,128,0.021720959842205047,0.002914518984949477
swish,triton,32,512,128,0.02952639985829592,0.0030940823409900554
layernorm,pytorch,32,512,128,0.11722880125045776,0.004495724840139592
layernorm,cuda,32,512,128,0.12928511947393417,0.006272544009504388
layernorm,triton,32,512,128,0.09794880107045173,0.026217417309390673
fused_ln_gelu,pytorch,32,512,128,0.13186688125133514,0.006073455809940011
fused_ln_gelu,cuda,32,512,128,0.13295744001865387,0.003767272492565649
fused_ln_gelu,triton,32,512,128,0.08559424102306366,0.010670266016676604
gelu,pytorch,32,512,256,0.03979968033730984,0.00833989979622014
gelu,cuda,32,512,256,0.0499839998036623,0.0014082321909689715
gelu,triton,32,512,256,0.04697472043335438,0.005881808413374168
swish,pytorch,32,512,256,0.3060947215557098,0.007948188581060762
swish,cuda,32,512,256,0.04435711994767189,0.0053458941793615355
swish,triton,32,512,256,0.08155839957296848,0.11286105423901437
layernorm,pytorch,32,512,256,0.13350143790245056,0.00339617454950678
layernorm,cuda,32,512,256,0.13760383933782577,0.001953873514415556
layernorm,triton,32,512,256,0.09250176072120667,0.015354253888964211
fused_ln_gelu,pytorch,32,512,256,0.21788480192422865,0.009420684172573156
fused_ln_gelu,cuda,32,512,256,0.16387520164251326,0.014094042916741042
fused_ln_gelu,triton,32,512,256,0.0945100799202919,0.009107118359901986
gelu,pytorch,32,512,512,0.29761344075202945,0.007615135543694697
gelu,cuda,32,512,512,0.30022975862026213,0.00739770318937205
gelu,triton,32,512,512,0.3010406416654587,0.011390884879259596
swish,pytorch,32,512,512,0.7371014356613159,0.010243399879434364
swish,cuda,32,512,512,0.2997497606277466,0.0077690629776305045
swish,triton,32,512,512,0.3080870407819748,0.015380181965047856
layernorm,pytorch,32,512,512,0.30463295996189116,0.010060868869817148
layernorm,cuda,32,512,512,0.29227903485298157,0.009459470803553676
layernorm,triton,32,512,512,0.3201894390583038,0.03616902782835165
fused_ln_gelu,pytorch,32,512,512,0.5935731267929077,0.006508286253359452
fused_ln_gelu,cuda,32,512,512,0.2952998387813568,0.0043953462304464385
fused_ln_gelu,triton,32,512,512,0.3141977620124817,0.020678154339922598
gelu,pytorch,32,512,768,0.447361918091774,0.006310612550205112
gelu,cuda,32,512,768,0.45008831918239595,0.0070463783416036645
gelu,triton,32,512,768,0.4604582417011261,0.00940014604632176
swish,pytorch,32,512,768,1.0980870342254638,0.0062108372818938445
swish,cuda,32,512,768,0.4471686369180679,0.007884497632467137
swish,triton,32,512,768,0.4549990379810333,0.010069857747555267
layernorm,pytorch,32,512,768,0.4487571215629578,0.00786388819726997
layernorm,cuda,32,512,768,0.42515584111213683,0.007457186517986349
layernorm,triton,32,512,768,0.4522848004102707,0.020871563130512926
fused_ln_gelu,pytorch,32,512,768,0.890867840051651,0.011092710560912055
fused_ln_gelu,cuda,32,512,768,0.43016511797904966,0.00716727473388121
fused_ln_gelu,triton,32,512,768,0.4513779199123383,0.005313261114600701
gelu,pytorch,32,1024,128,0.052039039805531505,0.022260526114006585
gelu,cuda,32,1024,128,0.0509056007117033,0.009023666338621979
gelu,triton,32,1024,128,0.054392319619655606,0.00915083881815681
swish,pytorch,32,1024,128,0.3057567995786667,0.00698531234868264
swish,cuda,32,1024,128,0.04734591990709305,0.014386120303797757
swish,triton,32,1024,128,0.052954239621758464,0.004136082191984963
layernorm,pytorch,32,1024,128,0.23045056015253068,0.005211786293346105
layernorm,cuda,32,1024,128,0.24736127823591234,0.0032780242436752805
layernorm,triton,32,1024,128,0.1525542402267456,0.009525141859004879
fused_ln_gelu,pytorch,32,1024,128,0.3014048010110855,0.004623076426696829
fused_ln_gelu,cuda,32,1024,128,0.2604095995426178,0.007595243930916211
fused_ln_gelu,triton,32,1024,128,0.1554483190178871,0.008304700270800637
gelu,pytorch,32,1024,256,0.2966809582710266,0.007746326518301859
gelu,cuda,32,1024,256,0.29753599882125853,0.00736073297992577
gelu,triton,32,1024,256,0.3124364811182022,0.018558277518634637
swish,pytorch,32,1024,256,0.7338297557830811,0.005520576045546791
swish,cuda,32,1024,256,0.2977971202135086,0.006757745035792049
swish,triton,32,1024,256,0.3045734417438507,0.021833091837662143
layernorm,pytorch,32,1024,256,0.30437440037727354,0.010142393310448722
layernorm,cuda,32,1024,256,0.32303423941135406,0.006325283824780917
layernorm,triton,32,1024,256,0.298543359041214,0.007589062611634214
fused_ln_gelu,pytorch,32,1024,256,0.5854867267608642,0.007624551994271373
fused_ln_gelu,cuda,32,1024,256,0.3403775990009308,0.006303290801230562
fused_ln_gelu,triton,32,1024,256,0.310836478471756,0.024877427590626965
gelu,pytorch,32,1024,512,0.5937107181549073,0.005724389632676718
gelu,cuda,32,1024,512,0.6004902386665344,0.008525443641076142
gelu,triton,32,1024,512,0.6109996819496155,0.014660405498619803
swish,pytorch,32,1024,512,1.4679391932487489,0.006073087622654645
swish,cuda,32,1024,512,0.6015257632732391,0.006733195108707827
swish,triton,32,1024,512,0.5961849558353424,0.0045872390417699875
layernorm,pytorch,32,1024,512,0.5933235204219818,0.0077489535309389936
layernorm,cuda,32,1024,512,0.5762611186504364,0.008361173999242454
layernorm,triton,32,1024,512,0.5954950392246247,0.008409372429583416
fused_ln_gelu,pytorch,32,1024,512,1.1793772983551025,0.005099320272918882
fused_ln_gelu,cuda,32,1024,512,0.5784339225292205,0.0048926852979465415
fused_ln_gelu,triton,32,1024,512,0.5949004828929901,0.009271947817791313
gelu,pytorch,32,1024,768,0.8867347204685211,0.009014416646093783
gelu,cuda,32,1024,768,0.8853926420211792,0.0034348628184121275
gelu,triton,32,1024,768,0.9031327998638153,0.007465401124456045
swish,pytorch,32,1024,768,2.1811884689331054,0.0077542267089246815
swish,cuda,32,1024,768,0.891976318359375,0.009433946734362595
swish,triton,32,1024,768,0.8972640001773834,0.006607035702535427
layernorm,pytorch,32,1024,768,0.8907603192329406,0.008277250674301285
layernorm,cuda,32,1024,768,0.8375936055183411,0.009777747537068438
layernorm,triton,32,1024,768,0.8842463922500611,0.005830225219135385
fused_ln_gelu,pytorch,32,1024,768,1.7644998407363892,0.005474416875981145
fused_ln_gelu,cuda,32,1024,768,0.8456902432441712,0.007343724491058631
fused_ln_gelu,triton,32,1024,768,0.882354553937912,0.0036061475009031272
gelu,pytorch,64,256,128,0.01870592001825571,0.004848857226695053
gelu,cuda,64,256,128,0.030082559883594512,0.009332536502022511
gelu,triton,64,256,128,0.03804800014942884,0.011262498240157211
swish,pytorch,64,256,128,0.033716479912400246,0.008469233732869338
swish,cuda,64,256,128,0.04390144009143114,0.014024464612166122
swish,triton,64,256,128,0.038964479826390744,0.010863774613492083
layernorm,pytorch,64,256,128,0.12965439960360528,0.014252493920795726
layernorm,cuda,64,256,128,0.12725696116685867,0.003085141969151641
layernorm,triton,64,256,128,0.09772416070103646,0.031082194801519265
fused_ln_gelu,pytorch,64,256,128,0.1309862431883812,0.004753340457985026
fused_ln_gelu,cuda,64,256,128,0.14310911804437637,0.013591492607132143
fused_ln_gelu,triton,64,256,128,0.09097663924098015,0.009491554329587515
gelu,pytorch,64,256,256,0.04684032022953034,0.01338568452726254
gelu,cuda,64,256,256,0.05092544078826904,0.013607585211896813
gelu,triton,64,256,256,0.056016640439629554,0.02489497200737841
swish,pytorch,64,256,256,0.30814208209514615,0.010809556418359826
swish,cuda,64,256,256,0.04440831996500492,0.0067463544615947585
swish,triton,64,256,256,0.07505600012838841,0.07688575646883869
layernorm,pytorch,64,256,256,0.136215677857399,0.007511749326791381
layernorm,cuda,64,256,256,0.14080447793006898,0.008342403442082171
layernorm,triton,64,256,256,0.09304832145571709,0.00612161083509808
fused_ln_gelu,pytorch,64,256,256,0.21700096040964126,0.006280417892362718
fused_ln_gelu,cuda,64,256,256,0.14839487969875337,0.002622021196777748
fused_ln_gelu,triton,64,256,256,0.08568832159042358,0.008801184874953075
gelu,pytorch,64,256,512,0.29615615904331205,0.004494144466212383
gelu,cuda,64,256,512,0.3029996806383133,0.010272243457970094
gelu,triton,64,256,512,0.3093228816986084,0.012170389050936616
swish,pytorch,64,256,512,0.734876800775528,0.007999281992221293
swish,cuda,64,256,512,0.29855232059955594,0.006910889532402563
swish,triton,64,256,512,0.3186899197101593,0.025918698379405296
layernorm,pytorch,64,256,512,0.29789952099323275,0.004303644912237408
layernorm,cuda,64,256,512,0.2906540769338608,0.005761362112676286
layernorm,triton,64,256,512,0.31372735917568206,0.03593628177482835
fused_ln_gelu,pytorch,64,256,512,0.5957638430595398,0.028986812053900347
fused_ln_gelu,cuda,64,256,512,0.2938143968582153,0.002995546578125967
fused_ln_gelu,triton,64,256,512,0.31284992039203646,0.018899464042062972
gelu,pytorch,64,256,768,0.44887935757637026,0.006174349229498073
gelu,cuda,64,256,768,0.449751039147377,0.0056902653101300795
gelu,triton,64,256,768,0.4577158403396606,0.008976991490220111
swish,pytorch,64,256,768,1.1004633617401123,0.0076616917804622495
swish,cuda,64,256,768,0.4530771213769913,0.009158431017324954
swish,triton,64,256,768,0.4535699212551117,0.007660476160728736
layernorm,pytorch,64,256,768,0.45094335854053497,0.005681548255400577
layernorm,cuda,64,256,768,0.4255231988430023,0.007518266728197658
layernorm,triton,64,256,768,0.4511244785785675,0.008117737973831205
fused_ln_gelu,pytorch,64,256,768,0.8916684770584107,0.008320251684772295
fused_ln_gelu,cuda,64,256,768,0.4289132821559906,0.005575096383018884
fused_ln_gelu,triton,64,256,768,0.4515475195646286,0.008228468330954596
gelu,pytorch,64,512,128,0.04774208016693592,0.00916874266259499
gelu,cuda,64,512,128,0.04974720105528831,0.0028613581559800063
gelu,triton,64,512,128,0.054769919887185096,0.00842711833053523
swish,pytorch,64,512,128,0.30547776103019714,0.008452049596603393
swish,cuda,64,512,128,0.051177599355578425,0.011776193484345323
swish,triton,64,512,128,0.0489945600181818,0.011813763505286613
layernorm,pytorch,64,512,128,0.2322534391283989,0.00829958179562657
layernorm,cuda,64,512,128,0.24915391832590103,0.008228810410624886
layernorm,triton,64,512,128,0.15791167974472045,0.008922297492781289
fused_ln_gelu,pytorch,64,512,128,0.30354432106018064,0.007276730936579168
fused_ln_gelu,cuda,64,512,128,0.26156928241252897,0.004490141735264351
fused_ln_gelu,triton,64,512,128,0.14894015938043595,0.01974827811630377
gelu,pytorch,64,512,256,0.2940307193994522,0.0025801952060083787
gelu,cuda,64,512,256,0.2972070401906967,0.005123480941752661
gelu,triton,64,512,256,0.3118854385614395,0.015527405149821085
swish,pytorch,64,512,256,0.73466752409935,0.006171647989982155
swish,cuda,64,512,256,0.29804159998893737,0.004775158268463729
swish,triton,64,512,256,0.3108716803789139,0.026181514282364825
layernorm,pytorch,64,512,256,0.3078694409132004,0.010648793821129453
layernorm,cuda,64,512,256,0.3413254404067993,0.10845459184728816
layernorm,triton,64,512,256,0.3126963192224503,0.02664568766901759
fused_ln_gelu,pytorch,64,512,256,0.584706563949585,0.004207853225571488
fused_ln_gelu,cuda,64,512,256,0.3440012800693512,0.006987642954659021
fused_ln_gelu,triton,64,512,256,0.30657087922096254,0.020181566966875283
gelu,pytorch,64,512,512,0.5948729634284973,0.007116808349759405
gelu,cuda,64,512,512,0.5936108779907227,0.004872979901335872
gelu,triton,64,512,512,0.597585278749466,0.004316231757787528
swish,pytorch,64,512,512,1.468021764755249,0.008028388902277072
swish,cuda,64,512,512,0.5933472013473511,0.003765427901278542
swish,triton,64,512,512,0.5940761625766754,0.004253489280984582
layernorm,pytorch,64,512,512,0.5885248041152954,0.002902520373560189
layernorm,cuda,64,512,512,0.5730297553539276,0.006255157198778051
layernorm,triton,64,512,512,0.5856467163562775,0.0024741315356949026
fused_ln_gelu,pytorch,64,512,512,1.1783353662490845,0.006622698820952972
fused_ln_gelu,cuda,64,512,512,0.5748556876182556,0.001593279367044222
fused_ln_gelu,triton,64,512,512,0.5918470442295074,0.007833474669736858
gelu,pytorch,64,512,768,0.8821977543830871,0.005457472064818726
gelu,cuda,64,512,768,0.8920863938331604,0.007702878034187497
gelu,triton,64,512,768,0.9003603219985962,0.0054467672893464695
swish,pytorch,64,512,768,2.183612790107727,0.007016222922113896
swish,cuda,64,512,768,0.8843161571025848,0.004537254444572888
swish,triton,64,512,768,0.8984121632575989,0.020521577638420323
layernorm,pytorch,64,512,768,0.8874335980415344,0.010930769054769082
layernorm,cuda,64,512,768,0.8351180839538574,0.004850997560024093
layernorm,triton,64,512,768,0.8941075205802917,0.00963708678111398
fused_ln_gelu,pytorch,64,512,768,1.7655475163459777,0.0066622283307689
fused_ln_gelu,cuda,64,512,768,0.8413356828689575,0.005374737592204139
fused_ln_gelu,triton,64,512,768,0.8967475175857544,0.08491006474148531
gelu,pytorch,64,1024,128,0.295799680352211,0.005373803864102773
gelu,cuda,64,1024,128,0.29874431848526,0.0052012855750712345
gelu,triton,64,1024,128,0.3102515196800232,0.01666646416597443
swish,pytorch,64,1024,128,0.7364153611660004,0.009871631019673251
swish,cuda,64,1024,128,0.29977279841899873,0.010272007081812163
swish,triton,64,1024,128,0.3028064012527466,0.013194937296224436
layernorm,pytorch,64,1024,128,0.49338880062103274,0.007640992199283433
layernorm,cuda,64,1024,128,0.5697388899326324,0.0055441901602444514
layernorm,triton,64,1024,128,0.30913407921791075,0.014246249091563646
fused_ln_gelu,pytorch,64,1024,128,0.7563833582401276,0.002822120470647226
fused_ln_gelu,cuda,64,1024,128,0.5946233677864075,0.004215596205238562
fused_ln_gelu,triton,64,1024,128,0.3169523215293884,0.01942086518496032
gelu,pytorch,64,1024,256,0.5909926426410675,0.006973379620882846
gelu,cuda,64,1024,256,0.5954521584510803,0.007124096540194892
gelu,triton,64,1024,256,0.6097983968257904,0.009164458891143949
swish,pytorch,64,1024,256,1.4682873582839966,0.008608228777799718
swish,cuda,64,1024,256,0.5928960013389587,0.003387692534358486
swish,triton,64,1024,256,0.6024435222148895,0.00817589743015587
layernorm,pytorch,64,1024,256,0.5963865602016449,0.008248183359407956
layernorm,cuda,64,1024,256,0.65811199426651,0.0075311522873827965
layernorm,triton,64,1024,256,0.6028134405612946,0.020991546349026474
fused_ln_gelu,pytorch,64,1024,256,1.1665331315994263,0.005496887249399152
fused_ln_gelu,cuda,64,1024,256,0.6799513578414917,0.022003806528326193
fused_ln_gelu,triton,64,1024,256,0.6006195223331452,0.0104126139613509
gelu,pytorch,64,1024,512,1.1876876831054688,0.00803880139167101
gelu,cuda,64,1024,512,1.1891225600242614,0.00837398968905411
gelu,triton,64,1024,512,1.1998118352890015,0.008779612580269313
swish,pytorch,64,1024,512,2.9329868745803833,0.013488980373623777
swish,cuda,64,1024,512,1.1832550382614135,0.004959551636345774
swish,triton,64,1024,512,1.205378565788269,0.009460209064503433
layernorm,pytorch,64,1024,512,1.1886585664749145,0.012772574288476007
layernorm,cuda,64,1024,512,1.1389292883872986,0.009563209465157553
layernorm,triton,64,1024,512,1.1768832087516785,0.005088409949965023
fused_ln_gelu,pytorch,64,1024,512,2.3551507329940797,0.007628006889096472
fused_ln_gelu,cuda,64,1024,512,1.1583360147476196,0.00711362261438086
fused_ln_gelu,triton,64,1024,512,1.1799161672592162,0.005179264198525294
gelu,pytorch,64,1024,768,1.7680697512626649,0.005806802065414672
gelu,cuda,64,1024,768,1.7746623921394349,0.006879313034217161
gelu,triton,64,1024,768,1.7915161633491516,0.007606704762462639
swish,pytorch,64,1024,768,4.269024629592895,0.02956700897048482
swish,cuda,64,1024,768,1.7646886420249939,0.012630622054235187
swish,triton,64,1024,768,1.7946783900260925,0.01566281938286587
layernorm,pytorch,64,1024,768,1.7690988779067993,0.008208208083592596
layernorm,cuda,64,1024,768,1.6574687814712525,0.002691584978847432
layernorm,triton,64,1024,768,1.768425590991974,0.007150016214580531
fused_ln_gelu,pytorch,64,1024,768,3.5385107135772706,0.009294252739176445
fused_ln_gelu,cuda,64,1024,768,1.6788595223426819,0.007413591676405165
fused_ln_gelu,triton,64,1024,768,1.7691712021827697,0.008631600092214595
gelu,pytorch,128,256,128,0.04973696008324623,0.015068708906833312
gelu,cuda,128,256,128,0.05137984074652195,0.0135009395087853
gelu,triton,128,256,128,0.05040127970278263,0.015132809397987335
swish,pytorch,128,256,128,0.30561727941036226,0.007100039977623433
swish,cuda,128,256,128,0.04598847970366478,0.0052436474290485716
swish,triton,128,256,128,0.05670463964343071,0.015734455447769594
layernorm,pytorch,128,256,128,0.2269939187169075,0.0035065655846975457
layernorm,cuda,128,256,128,0.24813055962324143,0.003814084655388079
layernorm,triton,128,256,128,0.15146367996931076,0.006162251022247844
fused_ln_gelu,pytorch,128,256,128,0.3047763204574585,0.0065776905919350676
fused_ln_gelu,cuda,128,256,128,0.2667929595708847,0.03987647323071156
fused_ln_gelu,triton,128,256,128,0.1512582406401634,0.005788274815312999
gelu,pytorch,128,256,256,0.29652671933174135,0.007654581414539846
gelu,cuda,128,256,256,0.30143936157226564,0.01171257915039824
gelu,triton,128,256,256,0.30312511920928953,0.013272653195931329
swish,pytorch,128,256,256,0.7334963178634644,0.005654016548678696
swish,cuda,128,256,256,0.2975833600759506,0.005362339327250698
swish,triton,128,256,256,0.3092435199022293,0.027401503649612913
layernorm,pytorch,128,256,256,0.3076972830295563,0.00953900251012889
layernorm,cuda,128,256,256,0.3274169582128525,0.008655273536695042
layernorm,triton,128,256,256,0.3129062408208847,0.029720655162791765
fused_ln_gelu,pytorch,128,256,256,0.583545606136322,0.0031490878166929785
fused_ln_gelu,cuda,128,256,256,0.3449164807796478,0.00828378264692325
fused_ln_gelu,triton,128,256,256,0.3194732791185379,0.021099111650422806
gelu,pytorch,128,256,512,0.592846086025238,0.005076935919390597
gelu,cuda,128,256,512,0.6003436827659607,0.006504911691916337
gelu,triton,128,256,512,0.597305600643158,0.004780514006344302
swish,pytorch,128,256,512,1.4711769604682923,0.007301928552169923
swish,cuda,128,256,512,0.6017676770687104,0.012358638907287276
swish,triton,128,256,512,0.612696317434311,0.027091080204565028
layernorm,pytorch,128,256,512,0.5975942397117615,0.008230839633265812
layernorm,cuda,128,256,512,0.5739807903766632,0.005239994595194057
layernorm,triton,128,256,512,0.5963993561267853,0.008821279219136354
fused_ln_gelu,pytorch,128,256,512,1.180835213661194,0.006847855257844466
fused_ln_gelu,cuda,128,256,512,0.5751219248771667,0.0013510916044911375
fused_ln_gelu,triton,128,256,512,0.589250556230545,0.008255365039310065
gelu,pytorch,128,256,768,0.8871750378608704,0.007722536933364222
gelu,cuda,128,256,768,0.8930905604362488,0.01079405614499609
gelu,triton,128,256,768,0.9122707188129425,0.009025015757483195
swish,pytorch,128,256,768,2.1824755096435546,0.008099942284524726
swish,cuda,128,256,768,0.8840921628475189,0.0042023719415778945
swish,triton,128,256,768,0.9055353593826294,0.01075791844421579
layernorm,pytorch,128,256,768,0.8929247975349426,0.011802411391138825
layernorm,cuda,128,256,768,0.8318598389625549,0.004381594819349098
layernorm,triton,128,256,768,0.8836915147304535,0.00501451171145801
fused_ln_gelu,pytorch,128,256,768,1.766186227798462,0.009314531878132536
fused_ln_gelu,cuda,128,256,768,0.8454713594913482,0.01169788703510178
fused_ln_gelu,triton,128,256,768,0.8944550395011902,0.009832808322823334
gelu,pytorch,128,512,128,0.2986995208263397,0.009373108008103447
gelu,cuda,128,512,128,0.3055123227834702,0.008565377324764542
gelu,triton,128,512,128,0.3108671993017197,0.016012127019793602
swish,pytorch,128,512,128,0.7332422387599945,0.006872160778334763
swish,cuda,128,512,128,0.30136959969997407,0.011849206819492157
swish,triton,128,512,128,0.30703743994235994,0.017352723682273113
layernorm,pytorch,128,512,128,0.49367103815078733,0.00654511819581201
layernorm,cuda,128,512,128,0.5765715157985687,0.008182938133882189
layernorm,triton,128,512,128,0.3022079986333847,0.009943839329894948
fused_ln_gelu,pytorch,128,512,128,0.7587859129905701,0.01044421012272679
fused_ln_gelu,cuda,128,512,128,0.5957459223270416,0.006509779997474331
fused_ln_gelu,triton,128,512,128,0.3180447995662689,0.062621050244645
gelu,pytorch,128,512,256,0.5960390400886536,0.009095587321622441
gelu,cuda,128,512,256,0.5994009613990784,0.00694805264628394
gelu,triton,128,512,256,0.6014073586463928,0.008843376275688196
swish,pytorch,128,512,256,1.4679680013656615,0.005663305687958054
swish,cuda,128,512,256,0.5989145588874817,0.006868797651532778
swish,triton,128,512,256,0.6022527992725373,0.008063101767834936
layernorm,pytorch,128,512,256,0.5971840012073517,0.0072793862493401315
layernorm,cuda,128,512,256,0.6504787278175354,0.007669890497804365
layernorm,triton,128,512,256,0.5910668849945069,0.009285129137838953
fused_ln_gelu,pytorch,128,512,256,1.1708851218223573,0.011613015831920152
fused_ln_gelu,cuda,128,512,256,0.6812825632095337,0.016698258315438128
fused_ln_gelu,triton,128,512,256,0.6013728046417236,0.022332869951923247
gelu,pytorch,128,512,512,1.1859961557388305,0.007902304924435848
gelu,cuda,128,512,512,1.1845542311668396,0.007350827449552646
gelu,triton,128,512,512,1.1973196744918824,0.008203853962538803
swish,pytorch,128,512,512,2.928878078460693,0.006113143180040231
swish,cuda,128,512,512,1.1849951982498168,0.005413440735167301
swish,triton,128,512,512,1.1961171197891236,0.0065922342884616346
layernorm,pytorch,128,512,512,1.1806009650230407,0.007351803118340854
layernorm,cuda,128,512,512,1.1316390633583069,0.004030577691786387
layernorm,triton,128,512,512,1.1807276892662049,0.016407617060673507
fused_ln_gelu,pytorch,128,512,512,2.3552857875823974,0.008056717019617507
fused_ln_gelu,cuda,128,512,512,1.154784653186798,0.005386417208990435
fused_ln_gelu,triton,128,512,512,1.1787756824493407,0.00853115150525983
gelu,pytorch,128,512,768,1.767626223564148,0.008014685384889012
gelu,cuda,128,512,768,1.778749442100525,0.010165260411763249
gelu,triton,128,512,768,1.7981049585342408,0.013787231848515923
swish,pytorch,128,512,768,4.273672342300415,0.026924629955281075
swish,cuda,128,512,768,1.7721011185646056,0.012769289760849623
swish,triton,128,512,768,1.786114559173584,0.00646596309217483
layernorm,pytorch,128,512,768,1.7705017590522767,0.008253684579424653
layernorm,cuda,128,512,768,1.660509431362152,0.0049701833331026336
layernorm,triton,128,512,768,1.7701145577430726,0.010905933481321208
fused_ln_gelu,pytorch,128,512,768,3.54361855506897,0.012588505247346558
fused_ln_gelu,cuda,128,512,768,1.6797747230529785,0.005812971340819716
fused_ln_gelu,triton,128,512,768,1.7686323142051696,0.00678942981880637
gelu,pytorch,128,1024,128,0.59393728017807,0.007839067257492336
gelu,cuda,128,1024,128,0.5987910401821136,0.0060976922800182526
gelu,triton,128,1024,128,0.6117030394077301,0.011114139200287632
swish,pytorch,128,1024,128,1.4670368003845216,0.0054336910837447915
swish,cuda,128,1024,128,0.6025740766525268,0.009321562606930046
swish,triton,128,1024,128,0.5958911967277527,0.004715491409563391
layernorm,pytorch,128,1024,128,0.9728076827526092,0.005258162065478044
layernorm,cuda,128,1024,128,1.1361773014068604,0.006162804570957409
layernorm,triton,128,1024,128,0.5837459278106689,0.0033515192362434595
fused_ln_gelu,pytorch,128,1024,128,1.5301740646362305,0.004658825582761699
fused_ln_gelu,cuda,128,1024,128,1.1802163314819336,0.005935939252703156
fused_ln_gelu,triton,128,1024,128,0.5906252765655517,0.002426650427791509
gelu,pytorch,128,1024,256,1.1854246473312378,0.007640066869130706
gelu,cuda,128,1024,256,1.185863037109375,0.005686652901627293
gelu,triton,128,1024,256,1.1968844842910766,0.007910561850364465
swish,pytorch,128,1024,256,2.929886736869812,0.009067493300608253
swish,cuda,128,1024,256,1.1857177591323853,0.006920643938637975
swish,triton,128,1024,256,1.19755455493927,0.010170703395296547
layernorm,pytorch,128,1024,256,1.2133363199234009,0.023695507672161976
layernorm,cuda,128,1024,256,1.332534384727478,0.020110981033509445
layernorm,triton,128,1024,256,1.1824268841743468,0.005484727341566368
fused_ln_gelu,pytorch,128,1024,256,2.351950726509094,0.007081859539378173
fused_ln_gelu,cuda,128,1024,256,1.3908723187446594,0.011522968601967647
fused_ln_gelu,triton,128,1024,256,1.1819417595863342,0.004715621916870904
gelu,pytorch,128,1024,512,2.360723843574524,0.011550629388664769
gelu,cuda,128,1024,512,2.3815449619293214,0.01281965082847029
gelu,triton,128,1024,512,2.39593985080719,0.012213382342376275
swish,pytorch,128,1024,512,5.872094078063965,0.01351002273400805
swish,cuda,128,1024,512,2.378989429473877,0.012354538497640758
swish,triton,128,1024,512,2.3950771141052245,0.00966754464111962
layernorm,pytorch,128,1024,512,2.3734470224380493,0.009745917410273166
layernorm,cuda,128,1024,512,2.256083836555481,0.010125391660897104
layernorm,triton,128,1024,512,2.358331561088562,0.00894374077579358
fused_ln_gelu,pytorch,128,1024,512,4.728279657363892,0.011915410125799192
fused_ln_gelu,cuda,128,1024,512,2.309811840057373,0.013926320049682047
fused_ln_gelu,triton,128,1024,512,2.3579187297821047,0.009887383537804991
gelu,pytorch,128,1024,768,3.531079664230347,0.01038738121984595
gelu,cuda,128,1024,768,3.3924128198623658,0.008210682546529133
gelu,triton,128,1024,768,3.5831379222869875,0.020675785713035157
swish,pytorch,128,1024,768,8.540512676239013,0.012918431121164121
swish,cuda,128,1024,768,3.3869081640243532,0.007836085413192959
swish,triton,128,1024,768,3.556799364089966,0.020507598690283624
layernorm,pytorch,128,1024,768,3.5379743909835817,0.010779050254800407
layernorm,cuda,128,1024,768,3.313802194595337,0.00789598017767224
layernorm,triton,128,1024,768,3.535687050819397,0.010280988147332908
fused_ln_gelu,pytorch,128,1024,768,7.078055028915405,0.012490838010229082
fused_ln_gelu,cuda,128,1024,768,3.3594713830947875,0.010367693364204794
fused_ln_gelu,triton,128,1024,768,3.534433264732361,0.011579629099188192
